Investment,—Carol E. Moylan.,Structures,—Wharton
Robinson.,Producers' durable equipment,—Jeffrey W.,
nardi.,Inventories,"—Leonard J. Loebach, Jennifer A.",
Ribarsky.,Investment prices,"—Bruce T. Grimm, Nadia F.",
Federal Government,"—Pamela A. Kelly,",Peter G.,
"Boucher, Gary",W.,"Davis, Ann M. Groszkiewicz, Doris N.",
State and local government,—David,"F. Sullivan,",
Consumption of privatefixed capital,—Shelby,W.,Her-
Income,"—Ralph Kozlow,",Joyce M. Northwood.,
Personal income,"—Paul R. Lally,",Toui Pomsouvan.,
Tracey D. Schlitzer.,Other labor income,—Patricia A.,
Business income,—Kenneth A. Petrick.,Corporate,
Property income,—George M. Smith.,Farm output,
and income,—Michael N. Reynnells.,Interest income—,
Mary Kate Schuster.,Rental income of persons and,,
