1.3,Gross National Product by Major Type,of,Product:
Quarterly Totals,at,"Annual Rates, 1947-82",12
1.4,Gross National Product by Major Type,of,Product
Adjusted Quarterly Totals,at,"Annual Rates, 1947-82",15
1.5,Relation,of,"Gross National Product, Gross Domestic"
Totals,at,"Annual Rates, 1946-82",19
1.6,Relation,of,"Gross National Product, Gross Domestic"
Adjusted Quarterly Totals,at,"Annual Rates, 1947-82",21
and Seasonally Adjusted Quarterly Totals,at,Annual,
"Rates,",1946-82,24,
1.8,Gross National Product by Sector,in,Constant Dollars:
Totals,at,"Annual Rates, 1947-82",27
1.9,Relation,of,"Gross National Product, Net National"
Totals,at,"Annual Rates, 1946-82",31
1.10,Relation,of,"Gross National Product, Net National"
"Product, and National Income",in,Constant Dollars:,
Quarterly Totals,at,"Annual Rates, 1947-82",39
